{
  "question": "¿Es un mamífero terrestre?",
  "yes": {
    "question": "¿Es un herbívoro?",
    "yes": {
      "question": "¿Es un elefante?",
      "yes": {
        "answer": "elefante"
      },
      "no": {
        "answer": "otro mamífero herbívoro"
      }
    },
    "no": {
      "question": "¿Es un carnívoro?",
      "yes": {
        "question": "¿Es un león?",
        "yes": {
          "answer": "león"
        },
        "no": {
          "answer": "otro mamífero carnívoro"
        }
      },
      "no": {
        "question": "¿Es omnívoro?",
        "yes": {
          "question": "¿Es un oso?",
          "yes": {
            "answer": "oso"
          },
          "no": {
            "answer": "otro mamífero omnívoro"
          }
        },
        "no": {
          "question": "¿Es marsupial?",
          "yes": {
            "question": "¿Es un canguro?",
            "yes": {
              "answer": "canguro"
            },
            "no": {
              "answer": "otro marsupial"
            }
          },
          "no": {
            "question": "¿Es un primate?",
            "yes": {
              "question": "¿Es un mono?",
              "yes": {
                "answer": "mono"
              },
              "no": {
                "answer": "otro primate"
              }
            },
            "no": {
              "answer": "perezoso"
            }
          }
        }
      }
    }
  },
  "no": {
    "question": "¿Vive en el agua?",
    "yes": {
      "question": "¿Es un mamífero acuático?",
      "yes": {
        "question": "¿Es un delfín?",
        "yes": {
          "answer": "delfín"
        },
        "no": {
          "answer": "otro mamífero acuático"
        }
      },
      "no": {
        "question": "¿Es un pez?",
        "yes": {
          "answer": "tiburón"
        },
        "no": {
          "answer": "ballena"
        }
      }
    },
    "no": {
      "question": "¿Puede volar?",
      "yes": {
        "answer": "murciélago"
      },
      "no": {
        "question": "¿Es un reptil?",
        "yes": {
          "answer": "cocodrilo"
        },
        "no": {
          "question": "¿Es un ave?",
          "yes": {
            "question": "¿Es un ave de gran tamaño?",
            "yes": {
              "answer": "águila"
            },
            "no": {
              "answer": "colibrí"
            }
          },
          "no": {
            "question": "¿Es un insecto volador?",
            "yes": {
              "answer": "mariposa"
            },
            "no": {
              "answer": "abeja"
            }
          }
        }
      }
    }
  }
}